Kunden_ID, Name
0001,Alfonso Gallegos
0002,Laurel Barnett
0003,Gil Hays
0004,Adria Lott
0005,Oleg Calderon
0006,Demetria Zimmerman
0007,Uriel Chavez
0008,Madeline Colon
0009,Shay Henry
0010,Skyler Chavez
0011,Daryl Rhodes
0012,Tara Parks
0013,Marah Ballard
0014,Vincent Evans
0015,Cyrus Orr
0016,Deborah Pitts
0017,Dane Webb
0018,Theodore Cardenas
0019,Sheila Meyer
0020,Alan Oneil
0021,Wanda Charles
0022,Beau Richmond
0023,Moana Pacheco
0024,Catherine Heath
0025,Damian Marsh
0026,Ulysses May
0027,Oprah Baird
0028,Lucius Harper
0029,Quincy Velazquez
0030,Rahim Clemons
0031,Geoffrey Henry
0032,Elliott Kelley
0033,Rebecca Guerra
0034,Deacon Rodgers
0035,Mia Floyd
0036,Phoebe James
0037,Vincent Pratt
0038,Akeem Sellers
0039,Sawyer Duncan
0040,Nasim Bender
0041,Alfonso Edwards
0042,Alexander Mitchell
0043,Noah Reed
0044,Dakota Conway
0045,Juliet Stewart
0046,Stone Cleveland
0047,Zane Nguyen
0048,Finn Austin
0049,Samuel Chase
0050,Gannon Whitley